,open,high,low,close,volume,datetime
0,55.29,55.4575,54.3175,54.34,123164028,1539579600000
1,54.7325,55.7475,54.190675,55.5375,116735852,1539666000000
2,55.575,55.66,54.835,55.2975,91541588,1539752400000
3,54.465,54.935,53.25,54.005,130325260,1539838800000
4,54.515,55.315,54.3575,54.8275,132314904,1539925200000
5,54.9475,55.84,54.735,55.1625,115168328,1540184400000
6,53.9575,55.8125,53.675,55.6825,155071384,1540270800000
7,55.65,56.0575,53.635,53.7725,163700652,1540357200000
8,54.4275,55.345,54.1875,54.95,119423072,1540443600000
9,53.975,55.0475,53.1675,54.075,189033500,1540530000000
10,54.7975,54.9225,51.5225,53.06,183742080,1540789200000
11,52.7875,53.795,52.3175,53.325,146639960,1540875600000
12,54.22,55.1125,54.155,54.715,153435732,1540962000000
13,54.7625,55.59,54.2025,55.555,233292720,1541048400000
14,52.3875,53.4125,51.3575,51.87,365159068,1541134800000
15,51.075,51.0975,49.5425,50.3975,264654676,1541397600000
16,50.48,51.18,50.4225,50.9425,127531524,1541484000000
17,51.4925,52.515,51.0325,52.4875,133697736,1541570400000
18,52.495,52.53,51.6875,52.1225,101450544,1541656800000
19,51.3875,51.5025,50.5625,51.1175,137463000,1541743200000
20,49.75,49.9625,48.4475,48.5425,204542072,1542002400000
21,47.9075,49.295,47.862525,48.0575,187531744,1542088800000
22,48.475,48.62,46.4825,46.7,243203828,1542175200000
23,47.0975,47.9925,46.725,47.8525,185915204,1542261600000
24,47.625,48.742375,47.365,48.3825,147713012,1542348000000
25,47.5,47.675,46.2475,46.465,167683488,1542607200000
26,44.5925,45.3675,43.8775,44.245,271300988,1542693600000
27,44.9325,45.0675,44.1375,44.195,124496840,1542780000000
28,43.735,44.14875,43.025,43.0725,94495888,1542952800000
29,43.56,43.7375,42.565,43.655,179994080,1543212000000
30,42.8775,43.6925,42.72,43.56,165549508,1543298400000
31,44.1825,45.3225,43.7325,45.235,184250156,1543384800000
32,45.665,45.7,44.425,44.8875,167079968,1543471200000
33,45.0725,45.0825,44.2575,44.645,158126196,1543557600000
34,46.115,46.235,45.3025,46.205,163192008,1543816800000
35,45.2375,45.597475,44.0675,44.1725,165377128,1543903200000
36,42.94,43.695,42.605,43.68,172393640,1544076000000
37,43.3725,43.6225,42.075,42.1225,169126524,1544162400000
38,41.25,42.5225,40.8325,42.4,248103976,1544421600000
39,42.915,42.9475,41.75,42.1575,189126660,1544508000000
40,42.6,42.98,42.255,42.275,142510696,1544594400000
41,42.6225,43.1425,42.3875,42.7375,127591308,1544680800000
42,42.25,42.27,41.32,41.37,162814840,1544767200000
43,41.3625,42.0875,40.6825,40.985,177151688,1545026400000
44,41.345,41.8825,41.0975,41.5175,135366072,1545112800000
45,41.5,41.8625,39.7725,40.2225,196189188,1545199200000
46,40.1,40.5275,38.825,39.2075,259091840,1545285600000
47,39.215,39.54,37.4075,37.6825,382977536,1545372000000
48,37.0375,37.8875,36.6475,36.7075,148676928,1545631200000
49,37.075,39.3075,36.68,39.2925,234330176,1545804000000
50,38.96,39.1925,37.5175,39.0375,212468260,1545890400000
51,39.375,39.63,38.6375,39.0575,169165696,1545976800000
52,39.6325,39.84,39.12,39.435,140013864,1546236000000
53,38.7225,39.7125,38.5575,39.48,148158948,1546408800000
54,35.995,36.43,35.5,35.5475,365248780,1546495200000
55,36.1325,37.137475,35.95,37.065,234428280,1546581600000
56,37.175,37.2075,36.475,36.9825,219111056,1546840800000
57,37.39,37.955,37.13,37.6875,164101256,1546927200000
58,37.8225,38.6325,37.4075,38.3275,180396324,1547013600000
59,38.125,38.4925,37.715,38.45,143122680,1547100000000
60,38.22,38.425,37.8775,38.0725,108092964,1547186400000
61,37.7125,37.8175,37.305,37.5,129756744,1547445600000
62,37.5675,38.3475,37.5125,38.2675,114841296,1547532000000
63,38.27,38.97,38.25,38.735,122278824,1547618400000
64,38.55,39.415,38.315,38.965,119284640,1547704800000
65,39.375,39.47,38.99515,39.205,135004092,1547791200000
66,39.1025,39.1825,38.155,38.325,121575880,1548136800000
67,38.5375,38.785,37.925,38.48,92522280,1548223200000
68,38.5275,38.62,37.935,38.175,101766196,1548309600000
69,38.87,39.5325,38.58,39.44,134191572,1548396000000
70,38.9475,39.0825,38.415,39.075,104768232,1548655200000
71,39.0625,39.5325,38.5275,38.67,166348956,1548741600000
72,40.8125,41.5375,40.0575,41.3125,244439120,1548828000000
73,41.5275,42.25,41.14,41.61,162958596,1548914400000
74,41.74,42.245,41.4825,41.63,130672552,1549000800000
75,41.8525,42.91375,41.82,42.8125,125982328,1549260000000
76,43.215,43.77,43.087525,43.545,144406512,1549346400000
77,43.6625,43.8925,43.213275,43.56,112958364,1549432800000
78,43.1,43.485,42.585,42.735,126966760,1549519200000
79,42.2475,42.665,42.105,42.6025,95279864,1549605600000
80,42.7625,42.8025,42.3125,42.3575,83973700,1549864800000
81,42.525,42.75,42.425,42.7225,89134092,1549951200000
82,42.8475,43.12,42.48,42.545,89960932,1550037600000
83,42.4275,42.815375,42.345,42.7,87342988,1550124000000
84,42.8125,42.925,42.4375,42.605,98507256,1550210400000
85,42.4275,42.86,42.3725,42.7325,75891304,1550556000000
86,42.7975,43.33,42.7475,43.0075,104457448,1550642400000
87,42.95,43.0925,42.575,42.765,68998680,1550728800000
88,42.895,43.25,42.845,43.2425,75652616,1550815200000
89,43.54,43.9675,43.4875,43.5575,87493432,1551074400000
90,43.4275,43.825,43.2933,43.5825,68280844,1551160800000
91,43.3025,43.75,43.1825,43.7175,111341556,1551247200000
92,43.58,43.7275,43.23,43.2875,112861664,1551333600000
93,43.57,43.7875,43.2225,43.7425,103544668,1551420000000
94,43.9225,44.4375,43.4925,43.9625,109744812,1551679200000
95,43.985,44.0,43.635,43.8825,78949676,1551765600000
96,43.6675,43.8725,43.485,43.63,83241536,1551852000000
97,43.4675,43.61,43.005,43.125,99185496,1551938400000
98,42.58,43.2675,42.375,43.2275,95997432,1552024800000
99,43.8725,44.78,43.8375,44.725,128044136,1552280400000
100,45.0,45.6675,44.8425,45.2275,129870336,1552366800000
101,45.5625,45.825,45.23,45.4275,124130096,1552453200000
102,45.975,46.025,45.64,45.9325,94318032,1552539600000
103,46.2125,46.8325,45.935,46.53,156171648,1552626000000
104,46.45,47.0975,46.4475,47.005,104879328,1552885200000
105,47.0875,47.2475,46.48,46.6325,126585476,1552971600000
106,46.5575,47.3725,46.1825,47.04,124140924,1553058000000
107,47.505,49.0825,47.4525,48.7725,204136948,1553144400000
108,48.835,49.4225,47.695,47.7625,169546952,1553230800000
109,47.8775,47.995,46.65,47.185,175381172,1553490000000
110,47.916,48.22,46.145,46.6975,199202152,1553576400000
111,47.1875,47.44,46.6375,47.1175,119393708,1553662800000
112,47.2375,47.38975,46.8825,47.18,83121452,1553749200000
113,47.4575,47.52,47.135,47.4875,94255844,1553835600000
114,47.91,47.92,47.095,47.81,111447856,1554094800000
115,47.7725,48.615,47.7625,48.505,91062928,1554181200000
116,48.3125,49.125,48.2875,48.8375,93087320,1554267600000
117,48.6975,49.0925,48.285,48.9225,76457100,1554354000000
118,49.1125,49.275,48.9825,49.25,74106576,1554440400000
119,49.105,50.0575,49.085,50.025,103526788,1554699600000
120,50.08,50.7125,49.8075,49.875,143072948,1554786000000
121,49.67,50.185,49.545,50.155,86781152,1554872400000
122,50.2125,50.25,49.610775,49.7375,83603232,1554958800000
123,49.8,50.035,49.0525,49.7175,111042672,1555045200000
124,49.645,49.9625,49.5025,49.8075,70146584,1555304400000
125,49.865,50.3425,49.64,49.8125,102785540,1555390800000
126,49.885,50.845,49.6525,50.7825,115627120,1555477200000
127,50.78,51.0375,50.63,50.965,96783064,1555563600000
128,50.7075,51.235,50.585,51.1325,77758180,1555909200000
129,51.1075,51.9375,50.975,51.87,93291964,1555995600000
130,51.84,52.12,51.7625,51.79,70162436,1556082000000
131,51.7075,51.94,51.28,51.32,74172824,1556168400000
132,51.225,51.25,50.53,51.075,74596408,1556254800000
133,51.1,51.4925,50.965,51.1525,88818864,1556514000000
134,50.765,50.85,49.7775,50.1675,186139692,1556600400000
135,52.47,53.8275,52.3075,52.63,259309312,1556686800000
136,52.46,53.1625,52.0325,52.2875,127985296,1556773200000
137,52.7225,52.96,52.5575,52.9375,83569512,1556859600000
138,51.0725,52.21,50.875,52.12,129772452,1557118800000
139,51.47,51.854375,50.20625,50.715,155054792,1557205200000
140,50.475,51.335,50.4375,50.725,105358016,1557291600000
141,50.1,50.42,49.165,50.18,139634428,1557378000000
142,49.35475,49.7125,48.1925,49.295,164834848,1557464400000
143,46.9275,47.37,45.7125,46.43,229722492,1557723600000
144,46.6025,47.425,46.3525,47.165,146118708,1557810000000
145,46.5675,47.9375,46.505,47.73,106178872,1557896400000
146,47.4775,48.117225,47.21,47.52,132125456,1557982800000
147,46.7325,47.725,46.69,47.25,131516360,1558069200000
148,45.88,46.08725,45.070975,45.7725,154449160,1558328400000
149,46.305,47.0,46.175,46.65,113459392,1558414800000
150,46.165,46.4275,45.6375,45.695,118994224,1558501200000
151,44.95,45.135,44.4525,44.915,146118944,1558587600000
152,45.05,45.535,44.655,44.7425,94858744,1558674000000
153,44.73,45.1475,44.4775,44.5575,111792640,1559019600000
154,44.105,44.8375,44.0,44.345,113924660,1559106000000
155,44.4875,44.8075,44.1675,44.575,84873648,1559192400000
156,44.0575,44.4975,43.7475,43.7675,108174336,1559278800000
157,43.9,44.48,42.5675,43.325,161584276,1559538000000
158,43.86,44.9575,43.63,44.91,123871844,1559624400000
159,46.07,46.2475,45.285,45.635,119093708,1559710800000
160,45.77,46.3675,45.537225,46.305,90105244,1559797200000
161,46.6275,47.98,46.4425,47.5375,122737572,1559883600000
162,47.9525,48.8425,47.905,48.145,104883404,1560142800000
163,48.715,49.0,48.4,48.7025,107731528,1560229200000
164,48.4875,48.9925,48.34625,48.5475,73012756,1560315600000
165,48.675,49.1975,48.4,48.5375,86698500,1560402000000
166,47.88625,48.396575,47.575,48.185,75045896,1560488400000
167,48.225,48.74,48.0425,48.4725,58676576,1560747600000
168,49.0125,50.0725,48.8025,49.6125,106204016,1560834000000
169,49.92,49.97,49.3275,49.4675,84496940,1560920400000
170,50.0925,50.1525,49.5075,49.865,86055952,1561006800000
171,49.7,50.2125,49.5375,49.695,191202356,1561093200000
172,49.635,50.04,49.5425,49.645,72881684,1561352400000
173,49.6075,49.815,48.8225,48.8925,84281336,1561438800000
174,49.4425,50.2475,49.3375,49.95,104270048,1561525200000
175,50.0725,50.3925,49.8925,49.935,83598868,1561611600000
176,49.67,49.87375,49.2625,49.48,124442568,1561698000000
177,50.7925,51.1225,50.1625,50.3875,109266956,1561957200000
178,50.3525,50.783075,50.34,50.6825,67740868,1562043600000
179,50.82,51.11,50.672525,51.1025,45448180,1562130000000
180,50.8375,51.27,50.725,51.0575,69062072,1562302800000
181,50.2025,50.35,49.6025,50.005,101354512,1562562000000
182,49.8,50.3775,49.7025,50.31,82312060,1562648400000
183,50.4625,50.9325,50.39,50.8075,71588552,1562734800000
184,50.8275,51.0975,50.4275,50.4375,80767368,1562821200000
185,50.6125,51.0,50.55,50.825,70380848,1562907600000
186,51.0225,51.4675,51.0,51.3025,67789680,1563166800000
187,51.1475,51.5275,50.875,51.125,67467264,1563253200000
188,51.0125,51.272875,50.8175,50.8375,56429800,1563339600000
189,51.0,51.47,50.925,51.415,74328644,1563426000000
190,51.4475,51.625,50.59,50.6475,83717228,1563512400000
191,50.9125,51.8075,50.9025,51.805,89111728,1563771600000
192,52.115,52.2275,51.8225,52.21,73420840,1563858000000
193,51.9175,52.2875,51.7925,52.1675,59966268,1563944400000
194,52.2225,52.31,51.6825,51.755,55638248,1564030800000
195,51.87,52.4325,51.785,51.935,70475496,1564117200000
196,52.115,52.66,52.11,52.42,86693556,1564376400000
197,52.19,52.54,51.8275,52.195,135742872,1564462800000
198,54.105,55.3425,52.825,53.26,277125444,1564549200000
199,53.475,54.5075,51.685875,52.1075,216071688,1564635600000
200,51.3825,51.6075,50.4075,51.005,163448488,1564722000000
201,49.4975,49.66225,48.145,48.335,209571876,1564981200000
202,49.0775,49.51675,48.51,49.25,143299148,1565067600000
203,48.8525,49.89,48.455,49.76,133457600,1565154000000
204,50.05,50.8825,49.8475,50.8575,108038092,1565240400000
205,50.325,50.69,49.8225,50.2475,98478984,1565326800000
206,49.905,50.5129,49.7875,50.12,89927556,1565586000000
207,50.255,53.035,50.2075,52.2425,190159144,1565672400000
208,50.79,51.61,50.646725,50.6875,146189772,1565758800000
209,50.865,51.285,49.9175,50.435,111533452,1565845200000
210,51.07,51.79,50.96,51.625,115254496,1565931600000
211,52.655,53.182675,52.50625,52.5875,97727660,1566190800000
212,52.72,53.3375,52.58,52.59,107678116,1566277200000
213,53.2475,53.4125,52.9008,53.16,86258988,1566363600000
214,53.2975,53.60875,52.6875,53.115,89071276,1566450000000
215,52.3575,53.01275,50.25,50.66,187531372,1566536400000
216,51.465,51.7975,51.264325,51.6225,104264520,1566795600000
217,51.965,52.1375,50.8825,51.04,103589376,1566882000000
218,51.025,51.43,50.83,51.3825,63830528,1566968400000
219,52.125,52.33,51.66375,52.2525,84030608,1567054800000
220,52.54,52.6125,51.8,52.185,84650244,1567141200000
221,51.6075,51.745,51.055,51.425,80238296,1567486800000
222,52.0975,52.37,51.83,52.2975,76867280,1567573200000
223,53.0,53.4925,52.8775,53.32,95787936,1567659600000
224,53.5125,53.605,53.1275,53.315,77449176,1567746000000
225,53.71,54.11,52.7675,53.5425,109237604,1568005200000
226,53.465,54.195,52.9275,54.175,127111724,1568091600000
227,54.5175,55.9275,54.4325,55.8975,177158584,1568178000000
228,56.2,56.605,55.715,55.77125,128906676,1568264400000
229,55.0,55.1975,54.255,54.6875,159053184,1568350800000
230,54.4325,55.0325,54.39,54.975,84632564,1568610000000
231,54.99,55.205,54.78,55.175,73545872,1568696400000
232,55.265,55.7125,54.86,55.6925,102572372,1568782800000
233,55.5025,55.94,55.0925,55.24,88751504,1568869200000
234,55.345,55.64,54.36825,54.4325,231908376,1568955600000
235,54.7375,54.96,54.4125,54.68,77678592,1569214800000
236,55.2575,55.6225,54.2975,54.42,125737468,1569301200000
237,54.6375,55.375,54.28505,55.2575,89924024,1569387600000
238,55.0,55.235,54.7075,54.9725,76353248,1569474000000
239,55.135,55.24,54.32035,54.705,101445140,1569560400000
240,55.225,56.145,55.1975,55.9925,105274332,1569819600000
241,56.2675,57.055,56.05,56.1475,144748652,1569906000000
242,55.765,55.895,54.4825,54.74,143069028,1569992400000
243,54.6075,55.24,53.783,55.205,121410744,1570078800000
244,56.41,56.8725,55.9725,56.7525,139022212,1570165200000
245,56.5675,57.4825,56.46,56.765,123557076,1570424400000
246,56.455,57.015,56.0825,56.1,117130800,1570510800000
247,56.7575,56.9475,56.41,56.7575,76117696,1570597200000
248,56.9825,57.61,56.825,57.5225,115851936,1570683600000
249,58.2375,59.41,58.076875,59.0525,167960840,1570770000000
250,58.725,59.53355,58.667525,58.9675,97653936,1571029200000
251,59.0975,59.4125,58.72,58.83,92161932,1571115600000
252,58.3425,58.81,58.3,58.5925,77146776,1571202000000
253,58.7725,59.0375,58.38,58.82,69091588,1571288400000
254,58.6475,59.395,58.5725,59.1025,97508664,1571374800000
255,59.38,60.2475,59.33,60.1275,89469932,1571634000000
256,60.29,60.55,59.90545,59.99,90736004,1571720400000
257,60.525,60.81,60.305,60.795,79730180,1571806800000
258,61.1275,61.2,60.45125,60.895,71665020,1571893200000
259,60.79,61.6825,60.72,61.645,73477184,1571979600000
260,61.855,62.3125,61.68,62.2625,96572964,1572238800000
261,62.2425,62.4375,60.6425,60.8225,142839468,1572325200000
262,61.19,61.325,60.3025,60.815,124522088,1572411600000
263,61.81,62.2925,59.315,62.19,139162080,1572498000000
264,62.385,63.9825,62.29,63.955,151125336,1572584400000
265,64.3325,64.46125,63.845,64.375,103271808,1572847200000
266,64.2625,64.5475,64.08,64.2825,79897708,1572933600000
267,64.1925,64.3725,63.84125,64.31,75864496,1573020000000
268,64.685,65.0875,64.5275,64.8575,94940332,1573106400000
269,64.6725,65.11,64.2125,65.035,70081980,1573192800000
270,64.575,65.6175,64.57,65.55,82029836,1573452000000
271,65.3875,65.6975,65.23,65.49,87388904,1573538400000
272,65.2825,66.195,65.2675,66.1175,103270372,1573624800000
273,65.9375,66.22,65.525,65.66,89582224,1573711200000
274,65.92,66.445,65.7525,66.44,100374664,1573797600000
275,66.45,66.8575,66.0575,66.775,86803588,1574056800000
276,66.975,67.0,66.34815,66.5725,76278388,1574143200000
277,66.385,66.52075,65.1,65.7975,106439676,1574229600000
278,65.9225,66.00125,65.295,65.5025,121395112,1574316000000
279,65.6475,65.795,65.21,65.445,65325052,1574402400000
280,65.6775,66.61,65.63,66.5925,84118068,1574661600000
281,66.735,66.79,65.625,66.0725,105339528,1574748000000
282,66.395,66.995,66.3275,66.96,65544488,1574834400000
283,66.65,67.0,66.475,66.8125,46617452,1575007200000
284,66.8175,67.0625,65.8625,66.04,94774200,1575266400000
285,64.5775,64.8825,64.0725,64.8625,117509072,1575352800000
286,65.2675,65.8275,65.17,65.435,67241552,1575439200000
287,65.9475,66.4725,65.6825,66.395,74645372,1575525600000
288,66.87,67.75,66.825,67.6775,106189972,1575612000000
289,67.5,67.7,66.2275,66.73,128730580,1575871200000
290,67.15,67.5175,66.465,67.12,90529532,1575957600000
291,67.2025,67.775,67.125,67.6925,78893564,1576044000000
292,66.945,68.139975,66.83025,67.865,137748168,1576130400000
293,67.865,68.825,67.7325,68.7875,133731224,1576216800000
294,69.25,70.1975,69.245,69.965,128324420,1576476000000
295,69.8925,70.4425,69.7,70.1025,114303192,1576562400000
296,69.95,70.475,69.78,69.935,116098748,1576648800000
297,69.875,70.295,69.7375,70.005,98507788,1576735200000
298,70.5575,70.6625,69.64,69.86,276130972,1576821600000
299,70.1325,71.0625,70.093375,71.0,98711532,1577080800000
300,71.1725,71.2225,70.729925,71.0675,48478856,1577167200000
301,71.205,72.495,71.175,72.4775,93336016,1577340000000
302,72.78,73.4925,72.03,72.45,146371744,1577426400000
303,72.365,73.1725,71.305,72.88,144238456,1577685600000
304,72.4825,73.42,72.38,73.4125,100990500,1577772000000
305,74.06,75.15,73.7975,75.0875,135647456,1577944800000
306,74.2875,75.145,74.125,74.3575,146535512,1578031200000
307,73.4475,74.99,73.1875,74.95,118578576,1578290400000
308,74.96,75.225,74.37,74.5975,111510620,1578376800000
309,74.29,76.109975,74.289,75.7975,132363784,1578463200000
310,76.80875,77.6075,76.55,77.4075,170486168,1578549600000
311,77.65,78.1675,77.0625,77.5825,140869088,1578636000000
312,77.91,79.2675,77.7875,79.24,122086888,1578895200000
313,79.175,79.3925,78.0425,78.17,162613828,1578981600000
314,77.9625,78.875,77.3875,77.835,121923528,1579068000000
315,78.3975,78.925,78.0225,78.81,108829016,1579154400000
316,79.0675,79.685,78.75,79.6825,137816468,1579240800000
317,79.2975,79.755,79.0,79.1425,110843256,1579586400000
318,79.645,79.9975,79.3275,79.425,101832460,1579672800000
319,79.48,79.89,78.9125,79.8075,104471972,1579759200000
320,80.0625,80.8325,79.3797,79.5775,146537520,1579845600000
321,77.515,77.9425,76.22,77.2375,161940020,1580104800000
322,78.15,79.6,78.0475,79.4225,162233944,1580191200000
323,81.1125,81.9625,80.345,81.085,216599712,1580277600000
324,80.135875,81.0225,79.6875,80.9675,126743232,1580364000000
325,80.2325,80.67,77.0725,77.3775,199588384,1580450400000
326,76.075,78.3725,75.555,77.165,173985604,1580709600000
327,78.8275,79.91,78.408625,79.7125,136616536,1580796000000
328,80.88,81.19,79.7375,80.3625,118826872,1580882400000
329,80.6425,81.305,80.0662,81.3025,105425540,1580968800000
330,80.5925,80.85,79.5,80.0075,117684048,1581055200000
331,78.545,80.3875,78.4625,80.3875,109348860,1581314400000
332,80.9,80.975,79.6775,79.9025,94323120,1581400800000
333,80.3675,81.805,80.3675,81.8,113730292,1581487200000
334,81.0475,81.555,80.8375,81.2175,94747568,1581573600000
335,81.185,81.495,80.7125,81.2375,80113788,1581660000000
336,78.84,79.9375,78.6525,79.75,152762180,1582005600000
337,80.0,81.1425,80.0,80.905,93983964,1582092000000
338,80.6575,81.1625,79.5525,80.075,100565956,1582178400000
339,79.655,80.1125,77.625,78.2625,129705660,1582264800000
340,74.315,76.045,72.3075,74.545,222195312,1582524000000
341,75.2375,75.6325,71.5325,72.02,230673456,1582610400000
342,71.6325,74.47,71.625,73.1625,198713724,1582696800000
343,70.275,71.5,68.24,68.38,320605524,1582783200000
344,64.315,69.6025,64.0925,68.34,426884920,1582869600000
345,70.57,75.36,69.43,74.7025,341397356,1583128800000
346,75.9175,76.0,71.45,72.33,319475408,1583215200000
347,74.11,75.85,73.2825,75.685,219178272,1583301600000
348,73.88,74.8875,72.8525,73.23,187572876,1583388000000
349,70.5,72.705,70.3075,72.2575,226176984,1583474400000
350,65.9375,69.5225,65.75,66.5425,286744832,1583730000000
351,69.285,71.61,67.3425,71.335,285290080,1583816400000
352,69.3475,70.305,67.965,68.8575,256379880,1583902800000
353,63.985,67.5,62.0,62.0575,418474068,1583989200000
354,66.2225,69.98,63.2375,69.4925,370732128,1584075600000
355,60.4875,64.77,60.0,60.5525,322423460,1584334800000
356,61.8775,64.4025,59.6,63.215,324055860,1584421200000
357,59.9425,62.5,59.28,61.6675,300233624,1584507600000
358,61.84625,63.21,60.6525,61.195,271857020,1584594000000
359,61.795,62.9575,57.0,57.31,401693384,1584680400000
360,57.02,57.124925,53.1525,56.0925,336752832,1584939600000
361,59.09,61.9225,58.575,61.72,287531092,1585026000000
362,62.6875,64.5625,61.075,61.38,303602040,1585112400000
363,61.63,64.67,61.59,64.61,252560676,1585198800000
364,63.1875,63.9675,61.7625,61.935,204216612,1585285200000
365,62.685,63.88,62.35,63.7025,167976440,1585544400000
366,63.9,65.6225,63.0,63.5725,197002004,1585630800000
367,61.625,62.18,59.7825,60.2275,176218552,1585717200000
368,60.085,61.2875,59.225,61.2325,165933972,1585803600000
369,60.7,61.425,59.743525,60.3525,129880068,1585890000000
370,62.725,65.7775,62.345,65.6175,201820284,1586149200000
371,67.7,67.925,64.75,64.8575,202887324,1586235600000
372,65.685,66.8425,65.3075,66.5175,168895284,1586322000000
373,67.175,67.5175,66.175,66.9975,162116492,1586408400000
374,67.0775,68.425,66.4575,68.3125,131022924,1586754000000
375,70.0,72.0625,69.5125,71.7625,194994688,1586840400000
376,70.6,71.5825,70.1575,71.1075,131154564,1586926800000
377,71.845,72.049375,70.58755,71.6725,157125160,1587013200000
378,71.1725,71.73625,69.215,70.7,215249912,1587099600000
379,69.4875,70.42,69.2125,69.2325,130015000,1587358800000
380,69.07,69.3125,66.3575,67.0925,180991572,1587445200000
381,68.4025,69.475,68.05,69.025,117057368,1587531600000
382,68.9675,70.4375,68.7175,68.7575,124814328,1587618000000
383,69.3,70.7525,69.25,70.7425,126508732,1587704400000
384,70.45,71.135,69.9875,70.7925,117087572,1587963600000
385,71.27,71.4575,69.55,69.645,112004748,1588050000000
386,71.1825,72.4175,70.9725,71.9325,137280816,1588136400000
387,72.49,73.6325,72.0875,73.45,183063872,1588222800000
388,71.5625,74.75,71.4625,72.2675,240616700,1588309200000
389,72.2925,73.4225,71.5793,73.29,133567944,1588568400000
390,73.765,75.25,73.615,74.39,147751180,1588654800000
391,75.115,75.81,74.7175,75.1575,142333752,1588741200000
392,75.805,76.2925,75.4925,75.935,115215056,1588827600000
393,76.41,77.5875,76.0725,77.5325,134047940,1588914000000
394,77.025,79.2625,76.81,78.7525,145946244,1589173200000
395,79.4575,79.922,77.7275,77.8525,162301052,1589259600000
396,78.0375,78.9875,75.8025,76.9125,200622556,1589346000000
397,76.1275,77.4475,75.3825,77.385,158929076,1589432400000
398,75.0875,76.975,75.0525,76.9275,166348376,1589518800000
399,78.2925,79.125,77.581025,78.74,135372500,1589778000000
400,78.7575,79.63,78.2525,78.285,101729540,1589864400000
401,79.17,79.88,79.05,79.8075,111504860,1589950800000
402,79.665,80.2225,78.9675,79.2125,102688844,1590037200000
403,78.9425,79.8075,78.8375,79.7225,81803016,1590123600000
404,80.875,81.06,79.125,79.1825,125521816,1590469200000
405,79.035,79.6775,78.2725,79.5275,112945096,1590555600000
406,79.1925,80.86,78.9075,79.5625,133796412,1590642000000
407,79.8125,80.2875,79.1175,79.485,153598128,1590728400000
408,79.4375,80.5875,79.3025,80.4625,81018612,1590987600000
409,80.18625,80.86,79.7325,80.835,87642816,1591074000000
410,81.165,81.55,80.575,81.28,104491216,1591160400000
411,81.0975,81.405,80.195,80.58,87560364,1591246800000
412,80.8375,82.9375,80.8075,82.875,137250200,1591333200000
413,82.5625,83.4,81.83,83.365,95654536,1591592400000
414,83.035,86.4025,83.0025,85.9975,147712364,1591678800000
415,86.975,88.6925,86.5225,88.21,166651752,1591765200000
416,87.3275,87.765,83.87,83.975,201662452,1591851600000
417,86.18,86.95,83.555825,84.7,200146052,1591938000000
418,83.3125,86.42,83.145,85.7475,138808920,1592197200000
419,87.865,88.3,86.18,88.02,165428728,1592283600000
420,88.7875,88.85,87.7725,87.8975,114406504,1592370000000
421,87.8525,88.3625,87.305,87.9325,96820384,1592456400000
422,88.65875,89.14,86.2875,87.43,264475808,1592542800000
423,87.835,89.865,87.7875,89.7175,135445264,1592802000000
424,91.0,93.095,90.567525,91.6325,212155476,1592888400000
425,91.25,92.1975,89.63,90.015,192623396,1592974800000
426,90.175,91.25,89.3925,91.21,137522512,1593061200000
427,91.1025,91.33,88.255,88.4075,205256844,1593147600000
428,88.3125,90.5434,87.82,90.445,130646076,1593406800000
429,90.02,91.495,90.0,91.2,140223284,1593493200000
430,91.28,91.84,90.9775,91.0275,110737236,1593579600000
431,91.9625,92.6175,90.91,91.0275,114041468,1593666000000
432,92.5,93.945,92.4675,93.4625,118655652,1594011600000
433,93.8525,94.655,93.0575,93.1725,112424456,1594098000000
434,94.18,95.375,94.09,95.3425,117091880,1594184400000
435,96.2625,96.3175,94.6725,95.6825,125642608,1594270800000
436,95.335,95.98,94.705175,95.92,90257320,1594357200000
437,97.265,99.955,95.2575,95.4775,191649140,1594616400000
438,94.84,97.255,93.8775,97.0575,170989364,1594702800000
439,98.99,99.2475,96.49,97.725,153197932,1594789200000
440,96.5625,97.405,95.905,96.5225,110577672,1594875600000
441,96.9875,97.1475,95.84,96.3275,92186900,1594962000000
442,96.41625,98.5,96.0625,98.3575,90317908,1595221200000
443,99.1725,99.25,96.7425,97.0,103645836,1595307600000
444,96.6925,97.975,96.6025,97.2725,89001652,1595394000000
445,96.998375,97.0775,92.00975,92.845,197004432,1595480400000
446,90.9875,92.97,89.145,92.615,185438864,1595566800000
447,93.71,94.905,93.48,94.81,121214192,1595826000000
448,94.3675,94.54965,93.2475,93.2525,103625500,1595912400000
449,93.75,95.23,93.7125,95.04,90329256,1595998800000
450,94.1875,96.2975,93.7675,96.19,158130020,1596085200000
451,102.88375,106.415,100.825,106.26,374295468,1596171600000
452,108.2,111.636425,107.8925,108.9375,308151388,1596430800000
453,109.1325,110.79,108.3875,109.665,172792368,1596517200000
454,109.3775,110.3925,108.8975,110.0625,121991952,1596603600000
455,110.405,114.4125,109.7975,113.9025,202428900,1596690000000
456,113.205,113.675,110.2925,111.1125,198045612,1596776400000
457,112.6,113.775,110.0,112.7275,212403424,1597035600000
458,111.96875,112.4825,109.106675,109.375,187902376,1597122000000
459,110.4975,113.275,110.2975,113.01,165944820,1597208400000
460,114.43,116.0425,113.9275,115.01,210082064,1597294800000
461,114.82875,115.0,113.045,114.9075,165565208,1597381200000
462,116.0625,116.0875,113.962525,114.6075,119561444,1597640400000
463,114.3525,116.0,114.0075,115.5625,105633540,1597726800000
464,115.98325,117.1625,115.61,115.7075,145538008,1597813200000
465,115.75,118.392,115.733375,118.275,126907188,1597899600000
466,119.2625,124.868,119.25,124.37,338054640,1597986000000
467,128.6975,128.785,123.93625,125.8575,345937768,1598245200000
468,124.6975,125.1793,123.0525,124.825,211495788,1598331600000
469,126.179125,126.9925,125.0825,126.5225,163022268,1598418000000
470,127.1425,127.485,123.8325,125.01,155552384,1598504400000
471,126.0125,126.4425,124.5775,124.8075,187629916,1598590800000
472,127.58,131.0,126.0,129.04,225702690,1598850000000
473,132.76,134.8,130.53,134.18,152470140,1598936400000
474,137.59,137.98,127.0,131.4,200118990,1599022800000
475,126.91,128.84,120.5,120.88,257599640,1599109200000
476,120.07,123.7,110.89,120.96,332607160,1599195600000
477,113.95,118.99,112.68,112.82,231366560,1599541200000
478,117.26,119.14,115.26,117.32,176940460,1599627600000
479,120.36,120.5,112.5,113.49,182274390,1599714000000
480,114.57,115.23,110.0,112.0,180860330,1599800400000
481,114.72,115.93,112.8,115.355,140150090,1600059600000
482,118.33,118.829,113.61,115.54,184642040,1600146000000
483,115.23,116.0,112.04,112.13,155026680,1600232400000
484,109.72,112.2,108.71,110.34,178010970,1600318800000
485,110.4,110.88,106.09,106.84,287104880,1600405200000
486,104.54,110.19,103.1,110.08,195713820,1600664400000
487,112.68,112.86,109.16,111.81,183055370,1600750800000
488,111.62,112.11,106.77,107.12,150718670,1600837200000
489,105.17,110.25,105.0,108.22,167743350,1600923600000
490,108.43,112.44,107.67,112.28,149981440,1601010000000
491,115.01,115.32,112.78,114.96,137672400,1601269200000
492,114.55,115.31,113.57,114.09,100060526,1601355600000
493,113.79,117.26,113.62,115.81,142675180,1601442000000
494,117.64,117.72,115.83,116.79,116120440,1601528400000
495,112.89,115.37,112.22,113.02,144711990,1601614800000
496,113.91,116.65,113.55,116.5,106243839,1601874000000
497,115.7,116.12,112.25,113.16,161498210,1601960400000
498,114.62,115.55,114.13,115.08,96848985,1602046800000
499,116.25,116.4,114.5901,114.97,83477153,1602133200000
500,115.28,117.0,114.92,116.97,100506865,1602219600000
501,120.06,125.18,119.2845,124.4,240226770,1602478800000
502,125.27,125.39,119.65,121.1,262330450,1602565200000
503,121.0,123.03,119.62,121.19,151062310,1602651600000
504,118.72,121.2,118.15,120.71,112559219,1602738000000
505,121.28,121.548,118.81,119.02,115393808,1602824400000
506,119.96,120.419,115.66,115.98,120639337,1603083600000
507,116.2,118.98,115.63,117.51,124423728,1603170000000
508,116.67,118.705,116.45,116.87,89945980,1603256400000
509,117.45,118.04,114.59,115.75,101987954,1603342800000
510,116.39,116.55,114.28,115.04,82572645,1603429200000
511,114.01,116.55,112.88,115.05,111850657,1603688400000
512,115.49,117.28,114.5399,116.6,92276772,1603774800000
513,115.05,115.43,111.1,111.2,143937820,1603861200000
514,112.37,116.93,112.2,115.32,146129170,1603947600000
515,111.06,111.99,107.72,108.86,190573480,1604034000000
516,109.11,110.68,107.32,108.77,122866899,1604296800000
517,109.66,111.49,108.73,110.44,107624448,1604383200000
518,114.14,115.59,112.35,114.95,138235480,1604469600000
519,117.95,119.62,116.8686,119.03,126387074,1604556000000
520,118.32,119.2,116.13,118.69,114457922,1604642400000
521,120.5,121.99,116.05,116.32,154515320,1604901600000
522,115.55,117.59,114.13,115.97,138023390,1604988000000
523,117.19,119.63,116.44,119.49,112294954,1605074400000
524,119.62,120.53,118.57,119.21,103350674,1605160800000
525,119.44,119.6717,117.87,119.26,81688586,1605247200000
526,118.92,120.99,118.146,120.3,91183018,1605506400000
527,119.55,120.6741,118.96,119.39,74270973,1605592800000
528,118.61,119.82,118.0,118.03,76322111,1605679200000
529,117.59,119.06,116.81,118.64,74112972,1605765600000
530,118.64,118.77,117.29,117.34,73604287,1605852000000
531,117.18,117.6202,113.75,113.85,127959318,1606111200000
532,113.91,115.85,112.59,115.17,113874218,1606197600000
533,115.55,116.75,115.17,116.03,76499234,1606284000000
534,116.57,117.49,116.22,116.59,46691331,1606456800000
535,116.97,120.97,116.81,119.05,169410180,1606716000000
536,121.01,123.4693,120.01,122.72,128166803,1606802400000
537,122.02,123.37,120.89,123.08,89004195,1606888800000
538,123.52,123.78,122.21,122.94,78967630,1606975200000
539,122.6,122.8608,121.52,122.25,78260421,1607061600000
540,122.31,124.57,122.25,123.75,86711990,1607320800000
541,124.37,124.98,123.09,124.38,82225512,1607407200000
542,124.53,125.95,121.0,121.78,115089193,1607493600000
543,120.5,123.87,120.15,123.24,81312170,1607580000000
544,122.43,122.76,120.55,122.41,86939786,1607666400000
545,122.6,123.35,121.54,121.78,79075988,1607925600000
546,124.34,127.9,124.13,127.88,157572260,1608012000000
547,127.41,128.37,126.56,127.81,98208591,1608098400000
548,128.9,129.58,128.045,128.7,94359811,1608184800000
549,128.96,129.1,126.12,126.655,192541500,1608271200000
550,125.02,128.31,123.449,128.23,121251553,1608530400000
551,131.61,134.405,129.65,131.88,169351830,1608616800000
552,132.16,132.43,130.78,130.96,88223692,1608703200000
553,131.32,133.46,131.1,131.97,54930064,1608789600000
554,133.99,137.34,133.51,136.69,124486237,1609135200000
555,138.05,138.789,134.3409,134.87,121047324,1609221600000
556,135.58,135.99,133.4,133.72,96452124,1609308000000
557,134.08,134.74,131.72,132.69,99116586,1609394400000
558,133.52,133.6116,126.76,129.41,143301890,1609740000000
559,128.89,131.74,128.43,131.01,97664898,1609826400000
560,127.72,131.0499,126.382,126.6,155087970,1609912800000
561,128.36,131.63,127.86,130.92,109578157,1609999200000
562,132.43,132.63,130.23,132.05,105158245,1610085600000
563,129.19,130.17,128.5,128.98,100620880,1610344800000
564,128.5,129.69,126.86,128.8,91951145,1610431200000
565,128.76,131.45,128.49,130.89,88636831,1610517600000
566,130.8,131.0,128.76,128.91,90221755,1610604000000
567,128.78,130.2242,127.0,127.14,111598531,1610690400000
568,127.78,128.71,126.938,127.83,90757329,1611036000000
569,128.66,132.49,128.55,132.03,104319489,1611122400000
570,133.8,139.67,133.59,136.87,120529544,1611208800000
571,136.28,139.85,135.02,139.07,114459360,1611295200000
572,143.07,145.09,136.54,142.92,157611710,1611554400000
573,143.6,144.3,141.37,143.16,98390555,1611640800000
574,143.43,144.3,140.41,142.06,140843760,1611727200000
575,139.52,141.99,136.7,137.09,142621130,1611813600000
576,135.83,136.74,130.21,131.96,177523810,1611900000000
577,133.75,135.38,130.93,134.14,106239823,1612159200000
578,135.73,136.31,134.61,134.99,83305367,1612245600000
579,135.76,135.77,133.61,133.94,89880937,1612332000000
580,136.3,137.4,134.59,137.39,84183061,1612418400000
581,137.35,137.42,135.86,136.76,75693830,1612504800000
582,136.03,136.96,134.92,136.91,71297214,1612764000000
583,136.62,137.877,135.85,136.01,76774213,1612850400000
584,136.48,136.99,134.4,135.39,73046563,1612936800000
585,135.9,136.39,133.77,135.13,64280029,1613023200000
586,134.35,135.53,133.6921,135.37,60145130,1613109600000
587,135.49,136.01,132.79,133.19,80576316,1613455200000
588,131.25,132.22,129.47,130.84,98085249,1613541600000
589,129.2,129.995,127.41,129.71,96856748,1613628000000
590,130.24,130.71,128.8,129.87,87668834,1613714400000
591,128.01,129.72,125.6,126.0,103916419,1613973600000
592,123.76,126.71,118.39,125.86,158273020,1614060000000
593,124.94,125.56,122.23,125.35,111039904,1614146400000
594,124.68,126.4585,120.54,120.99,148199540,1614232800000
595,122.59,124.85,121.2,121.26,164560390,1614319200000
596,123.75,127.93,122.79,127.79,116307892,1614578400000
597,128.41,128.72,125.01,125.12,102260945,1614664800000
598,124.81,125.71,121.84,122.06,112966340,1614751200000
599,121.75,123.6,118.62,120.13,178154980,1614837600000
600,120.98,121.935,117.57,121.42,153766600,1614924000000
601,120.93,121.0,116.21,116.36,154376610,1615183200000
602,119.03,122.06,118.79,121.085,129525780,1615269600000
603,121.69,122.17,119.45,119.98,111943326,1615356000000
604,122.54,123.21,121.26,121.96,103026514,1615442400000
605,120.4,121.17,119.16,121.03,88105050,1615528800000
606,121.41,124.0,120.42,123.99,92590555,1615784400000
607,125.7,127.22,124.715,125.57,115227936,1615870800000
608,124.05,125.8599,122.336,124.76,111932636,1615957200000
609,122.88,123.18,120.32,120.53,121469755,1616043600000
610,119.9,121.43,119.675,119.99,185549520,1616130000000
611,120.33,123.87,120.26,123.39,111912284,1616389200000
612,123.33,124.24,122.14,122.54,95467142,1616475600000
613,122.82,122.9,120.065,120.09,88530485,1616562000000
614,119.54,121.66,119.0,120.59,98844681,1616648400000
615,120.35,121.48,118.92,121.21,94071234,1616734800000
616,121.65,122.58,120.7299,121.39,80819203,1616994000000
617,120.11,120.4031,118.86,119.9,85671919,1617080400000
618,121.65,123.52,121.15,122.15,118323826,1617166800000
619,123.66,124.18,122.49,123.0,75089134,1617253200000
620,123.87,126.1601,123.07,125.9,88651175,1617598800000
621,126.5,127.13,125.65,126.21,80171253,1617685200000
622,125.83,127.92,125.14,127.9,83466716,1617771600000
623,128.95,130.39,128.52,130.36,88844591,1617858000000
624,129.8,133.04,129.47,132.995,106686703,1617944400000
625,132.52,132.85,130.63,131.24,91419983,1618203600000
626,132.44,134.66,131.93,134.43,91266545,1618290000000
627,134.94,135.0,131.655,132.03,87222782,1618376400000
628,133.82,135.0,133.64,134.5,89347102,1618462800000
629,134.3,134.67,133.28,134.16,84922386,1618549200000
630,133.51,135.47,133.34,134.84,94264215,1618808400000
631,135.02,135.53,131.81,133.11,94812349,1618894800000
632,132.36,133.75,131.3001,133.5,68847136,1618981200000
633,133.04,134.15,131.41,131.94,84566456,1619067600000
634,132.16,135.12,132.16,134.32,78756779,1619154000000
635,134.83,135.06,133.56,134.72,66905069,1619413200000
636,135.01,135.41,134.11,134.39,66015804,1619499600000
637,134.31,135.02,133.08,133.58,107760097,1619586000000
638,136.47,137.07,132.45,133.48,151100950,1619672400000
639,131.78,133.56,131.065,131.46,109839466,1619758800000
640,132.04,134.07,131.83,132.54,75135100,1620018000000
641,131.19,131.4899,126.7,127.85,137564720,1620104400000
642,129.2,130.45,127.97,128.1,84000900,1620190800000
643,127.89,129.75,127.13,129.74,78128334,1620277200000
644,130.85,131.2582,129.475,130.21,78973273,1620363600000
645,129.41,129.54,126.81,126.85,88071229,1620622800000
646,123.5,126.27,122.77,125.91,126142826,1620709200000
647,123.4,124.64,122.25,122.77,112172282,1620795600000
648,124.58,126.15,124.26,124.97,105861339,1620882000000
649,126.25,127.89,125.85,127.45,81917951,1620968400000
650,126.82,126.93,125.17,126.27,74244624,1621227600000
651,126.56,126.99,124.78,124.85,63342929,1621314000000
652,123.16,124.915,122.86,124.69,92611989,1621400400000
653,125.23,127.72,125.1,127.31,76857123,1621486800000
654,127.82,128.0,125.21,125.43,79295436,1621573200000
655,126.01,127.94,125.94,127.1,63092945,1621832400000
656,127.82,128.32,126.32,126.9,72009482,1621918800000
657,126.955,127.39,126.42,126.85,56575920,1622005200000
658,126.44,127.64,125.08,125.28,94625601,1622091600000
659,125.57,125.8,124.55,124.61,71311109,1622178000000
660,125.08,125.35,123.94,124.28,67637118,1622523600000
661,124.28,125.24,124.05,125.06,59278862,1622610000000
662,124.68,124.85,123.13,123.54,76229170,1622696400000
663,124.07,126.16,123.85,125.89,75169343,1622782800000
664,126.17,126.32,124.8321,125.9,71057550,1623042000000
665,126.6,128.46,126.2101,126.74,74403774,1623128400000
666,127.21,127.75,126.52,127.13,56877937,1623214800000
667,127.02,128.19,125.94,126.11,71186421,1623301200000
668,126.53,127.44,126.1,127.35,53522373,1623387600000
669,127.82,130.54,127.07,130.48,96906490,1623646800000
670,129.94,130.6,129.39,129.64,62746332,1623733200000
671,130.37,130.89,128.461,130.15,91815026,1623819600000
672,129.8,132.55,129.65,131.79,96721669,1623906000000
673,130.71,131.51,130.24,130.46,108953309,1623992400000
674,130.3,132.41,129.21,132.3,79663316,1624251600000
675,132.13,134.08,131.62,133.98,74783618,1624338000000
676,133.77,134.32,133.23,133.7,60214200,1624424400000
677,134.45,134.64,132.93,133.41,68710998,1624510800000
678,133.46,133.89,132.81,133.11,70783746,1624597200000
679,133.41,135.245,133.35,134.78,62111303,1624856400000
680,134.8,136.49,134.35,136.33,64556081,1624942800000
681,136.17,137.41,135.87,136.96,63261393,1625029200000
682,136.6,137.33,135.76,137.27,52485781,1625115600000
683,137.9,140.0,137.745,139.96,78945572,1625202000000
684,140.07,143.15,140.07,142.02,108181793,1625547600000
685,143.535,144.89,142.66,144.57,104911589,1625634000000
686,141.58,144.06,140.665,143.24,105575458,1625720400000
687,142.75,145.65,142.6522,145.11,99890800,1625806800000
688,146.21,146.32,144.0,144.5,76299719,1626066000000
689,144.03,147.46,143.63,145.64,100827099,1626152400000
690,148.1,149.57,147.68,149.15,127050785,1626238800000
691,149.24,150.0,147.09,148.48,106820297,1626325200000
692,148.46,149.76,145.88,146.39,93251426,1626411600000
693,143.75,144.07,141.67,142.45,121434571,1626670800000
694,143.46,147.0997,142.96,146.15,96350036,1626757200000
695,145.53,146.13,144.63,145.4,74993460,1626843600000
696,145.935,148.195,145.81,146.8,77338156,1626930000000
697,147.55,148.7177,146.92,148.56,71447416,1627016400000
698,148.27,149.83,147.7,148.99,72434089,1627275600000
699,149.12,149.21,145.55,146.77,104818578,1627362000000
700,144.81,146.97,142.54,144.98,118931191,1627448400000
701,144.685,146.55,144.58,145.64,56699475,1627534800000
702,144.38,146.33,144.11,145.86,70440626,1627621200000
703,146.36,146.95,145.25,145.52,62879961,1627880400000
704,145.81,148.045,145.18,147.36,64786618,1627966800000
705,147.27,147.79,146.28,146.95,56368271,1628053200000
706,146.98,147.84,146.17,147.06,46397674,1628139600000
707,146.35,147.11,145.63,146.14,54126813,1628226000000
708,146.2,146.7,145.52,146.09,48908689,1628485200000
709,146.44,147.71,145.3,145.6,69023081,1628571600000
710,146.05,146.72,145.53,145.86,48493463,1628658000000
711,146.19,149.05,145.84,148.89,73779113,1628744400000
712,148.97,149.4444,148.27,149.1,59375009,1628830800000
713,148.535,151.19,146.47,151.12,103558782,1629090000000
714,150.23,151.68,149.09,150.19,92229735,1629176400000
715,149.8,150.72,146.15,146.36,86325990,1629262800000
716,145.03,148.0,144.5,146.7,86960310,1629349200000
717,147.44,148.5,146.78,148.19,60549630,1629435600000
718,148.31,150.19,147.89,149.71,60131810,1629694800000
719,149.45,150.86,149.15,149.62,48606428,1629781200000
720,149.81,150.32,147.8,148.36,58991297,1629867600000
721,148.35,149.12,147.51,147.54,48597195,1629954000000
722,147.48,148.75,146.83,148.6,55802388,1630040400000
723,149.0,153.49,148.61,153.12,90956723,1630299600000
724,152.66,152.8,151.29,151.83,86453117,1630386000000
725,152.83,154.98,152.34,152.51,80313711,1630472400000
726,153.87,154.72,152.4,153.65,71171317,1630558800000
727,153.76,154.63,153.09,154.3,57866066,1630645200000
728,154.97,157.26,154.39,156.69,82278261,1630990800000
729,156.98,157.04,153.975,155.11,74420207,1631077200000
730,155.49,156.11,153.95,154.07,57305730,1631163600000
731,155.0,155.48,148.7,148.97,140893240,1631250000000
732,150.63,151.42,148.75,149.55,102404329,1631509200000
733,150.35,151.07,146.91,148.12,109296295,1631595600000
734,148.56,149.44,146.37,149.03,83281315,1631682000000
735,148.44,148.97,147.221,148.79,68034149,1631768400000
736,148.82,148.82,145.76,146.06,129868824,1631854800000
737,143.8,144.84,141.27,142.94,123478863,1632114000000
738,143.93,144.6,142.78,143.43,75833962,1632200400000
739,144.45,146.43,143.7001,145.85,76404341,1632286800000
740,146.65,147.08,145.64,146.83,64838170,1632373200000
741,145.66,147.4701,145.56,146.92,53477869,1632459600000
742,145.47,145.96,143.82,145.37,74150729,1632718800000
743,143.25,144.75,141.69,141.91,108972340,1632805200000
744,142.47,144.45,142.03,142.83,74602044,1632891600000
745,143.66,144.378,141.28,141.5,89056664,1632978000000
746,141.9,142.92,139.1101,142.65,94639581,1633064400000
747,141.76,142.21,138.27,139.14,98322008,1633323600000
748,139.49,142.24,139.36,141.11,80861062,1633410000000
749,139.47,142.15,138.37,142.0,83221119,1633496400000
750,143.06,144.215,142.72,143.29,61732656,1633582800000
751,144.03,144.1781,142.56,142.9,58773155,1633669200000
752,142.27,144.81,141.81,142.81,64452219,1633928400000
753,143.23,143.25,141.0401,141.51,73035859,1634014800000
754,141.235,141.4,139.2,140.91,78762721,1634101200000
